Comparator,n_total,n_used,err_rate,p50,p90,p95,p99,p999,max,count_gt_p99
Damerau-Levenshtein,100000,99951,0.0004899999999999904,9.0,15.0,18.0,30.0,45.0,215.0,999
Jaro-Winkler,100000,99951,0.0004899999999999904,8.0,13.0,18.0,33.0,43.0,86.0,898
NGram,100000,99951,0.0004899999999999904,7.0,13.0,17.0,31.0,41.0,308.0,996
